<?xml version="1.0" encoding="utf-8" ?>
<roboList>
  <robot id="0">
    <name>default_name_robot0</name>
    <creater>default_creater_robot0</creater>
    <grade>B1</grade>
    <img>default_img0.png</img>
    <desc>default_desc_robot0</desc>
  </robot>
  <robot id="1">
    <name>ゲートボーラーGGI</name>
    <creater>末石　悟</creater>
    <grade>B4</grade>
    <img>1_末石2.JPG</img>
    <desc>1号だよ</desc>
  </robot>
  <robot id="2">
    <name>ごった煮・カオス・一郎</name>
    <creater>石井　智之</creater>
    <grade>B4</grade>
    <img>15_石井.jpg</img>
    <desc>2号だよ</desc>
  </robot>
  <robot id="3">
    <name>SadSpring</name>
    <creater>瀧上　颯太</creater>
    <grade>B4</grade>
    <img>2_瀧上.jpg</img>
    <desc>3号だよ</desc>
  </robot>
  <robot id="4">
    <name>たったかぴょーん</name>
    <creater>松浦　修平</creater>
    <grade>B4</grade>
    <img>松浦.JPG</img>
    <desc>4号だよ</desc>
  </robot>
  <robot id="5">
    <name>Magic Hat</name>
    <creater>松村　悠平</creater>
    <grade>B4</grade>
    <img>松村.png</img>
    <desc>5号だよ</desc>
  </robot>
  <robot id="6">
    <name>かずこ</name>
    <creater>宮内　愛奈</creater>
    <grade>B4</grade>
    <img>宮内.jpg</img>
    <desc>6号だよ</desc>
  </robot>
  <robot id="7">
    <name>冬海(ふゆかい)さん</name>
    <creater>朝倉　隆文</creater>
    <grade>B4</grade>
    <img>4_朝倉隆文.png</img>
    <desc>7号だよ</desc>
  </robot>
  <robot id="8">
    <name>フィールドクリーナー</name>
    <creater>阿部　祐樹</creater>
    <grade>B2</grade>
    <img>34_阿部.jpg</img>
    <desc>8号だよ</desc>
  </robot>
  <robot id="9">
    <name>Triangle　zwei</name>
    <creater>青木　優武</creater>
    <grade>B4</grade>
    <img>6_青木優武.JPG</img>
    <desc>9号だよ</desc>
  </robot>
  <robot id="10">
    <name>フラッグ　2号</name>
    <creater>北村　裕生</creater>
    <grade>B2</grade>
    <img>北村.jpg</img>
    <desc>10号だよ</desc>
  </robot>
  <robot id="11">
    <name>らんるー</name>
    <creater>松坂　彩香</creater>
    <grade>B4</grade>
    <img>8_松坂彩香.JPG</img>
    <desc>11号だよ</desc>
  </robot>
  <robot id="12">
    <name>アルパカイザー</name>
    <creater>福田　翔太郎</creater>
    <grade>B2</grade>
    <img>38_福田翔太郎.jpg</img>
    <desc>12号だよ</desc>
  </robot>
  <robot id="13">
    <name>海風</name>
    <creater>中村　晃貴</creater>
    <grade>B4</grade>
    <img>nakamurarobo.jpg</img>
    <desc>13号だよ</desc>
  </robot>
  <robot id="14">
    <name>利根4号</name>
    <creater>澤田　航輝</creater>
    <grade>B2</grade>
    <img>33_澤田.jpg</img>
    <desc>14号だよ</desc>
  </robot>
  <robot id="15">
    <name>くるりん</name>
    <creater>黒岩　亮</creater>
    <grade>B4</grade>
    <img>11_黒岩.JPG</img>
    <desc>15号だよ</desc>
  </robot>
  <robot id="16">
    <name>16.5L</name>
    <creater>森　健太</creater>
    <grade>B3</grade>
    <img>20_森建太.jpg</img>
    <desc>16号だよ</desc>
  </robot>
  <robot id="17">
    <name>投げ飛丸</name>
    <creater>根本　卓也</creater>
    <grade>B3</grade>
    <img>29_根本卓也.JPG</img>
    <desc>17号だよ</desc>
  </robot>
  <robot id="18">
    <name>れっつごー</name>
    <creater>清野　祐一</creater>
    <grade>B2</grade>
    <img>32_清野祐一.jpg</img>
    <desc>18号だよ</desc>
  </robot>
  <robot id="19">
    <name>улитка(ウリートカ)</name>
    <creater>浅利　朋生</creater>
    <grade>B3</grade>
    <img>16_浅利.JPG</img>
    <desc>19号だよ</desc>
  </robot>
  <robot id="20">
    <name>стрекоза (ストリカザー)</name>
    <creater>寺田　直人</creater>
    <grade>B2</grade>
    <img>31_寺田直人.jpg</img>
    <desc>20号だよ</desc>
  </robot>
  <robot id="21">
    <name>プロサルファーござる</name>
    <creater>村山　友太</creater>
    <grade>B3</grade>
    <img>18_村山友太.jpeg</img>
    <desc>21号だよ</desc>
  </robot>
  <robot id="22">
    <name>ネジレジア</name>
    <creater>森川　正浩</creater>
    <grade>B2</grade>
    <img>36_森川.jpg</img>
    <desc>22号だよ</desc>
  </robot>
  <robot id="23">
    <name>T.W.C-2800</name>
    <creater>磯上　宙伸</creater>
    <grade>B3</grade>
    <img>19_磯上.JPG</img>
    <desc>23号だよ</desc>
  </robot>
  <robot id="24">
    <name>ゲキリョクロボ</name>
    <creater>唐津　貴志</creater>
    <grade>B2</grade>
    <img>42_唐津.JPG</img>
    <desc>24号だよ</desc>
  </robot>
  <robot id="25">
    <name>DOXA</name>
    <creater>阿隅　結夢</creater>
    <grade>B3</grade>
    <img>21_阿隅.JPG</img>
    <desc>25号だよ</desc>
  </robot>
  <robot id="26">
    <name>がんばれ坂上がり</name>
    <creater>小川　和臣</creater>
    <grade>B3</grade>
    <img>25_小川和臣.jpg</img>
    <desc>26号だよ</desc>
  </robot>
  <robot id="27">
    <name>ファニーヘッド</name>
    <creater>井口　蓮</creater>
    <grade>B3</grade>
    <img>22_井口蓮.png</img>
    <desc>27号だよ</desc>
  </robot>
  <robot id="28">
    <name>クローラー・クローリー</name>
    <creater>外ノ池　拓弥</creater>
    <grade>B2</grade>
    <img>37_外ノ池拓弥.JPG</img>
    <desc>28号だよ</desc>
  </robot>
  <robot id="29">
    <name>クロスロボウ</name>
    <creater>齋藤　隼人</creater>
    <grade>B3</grade>
    <img>斎藤.jpg</img>
    <desc>29号だよ</desc>
  </robot>
  <robot id="30">
    <name>かどすけ</name>
    <creater>田邊　昭子</creater>
    <grade>B2</grade>
    <img>40_田邊昭子.jpg</img>
    <desc>30号だよ</desc>
  </robot>
  <robot id="31">
    <name>Aluphant</name>
    <creater>塚本　典弘</creater>
    <grade>B3</grade>
    <img>26_塚本典弘.jpg</img>
    <desc>31号だよ</desc>
  </robot>
  <robot id="32">
    <name>世紀末ロボ1号</name>
    <creater>高橋　輝</creater>
    <grade>B2</grade>
    <img>30_高橋.JPG</img>
    <desc>32号だよ</desc>
  </robot>
  <robot id="33">
    <name>ブザービートル</name>
    <creater>千葉　佳輝</creater>
    <grade>B3</grade>
    <img>27-千葉佳輝.jpg</img>
    <desc>33号だよ</desc>
  </robot>
  <robot id="34">
    <name>手抜きロボ（仮）</name>
    <creater>板谷　亮太</creater>
    <grade>B2</grade>
    <img>1年板谷ロボット紹介.jpg</img>
    <desc>34号だよ</desc>
  </robot>
  <robot id="35">
    <name>ピンポン・サイクラー</name>
    <creater>佐々木　勇哉</creater>
    <grade>B3</grade>
    <img>28_佐々木撮り直し.JPG</img>
    <desc>35号だよ</desc>
  </robot>
  <robot id="36">
    <name>コンバイン</name>
    <creater>小西　拓磨</creater>
    <grade>B2</grade>
    <img>Dummy.jpg</img>
    <desc>36号だよ</desc>
  </robot>
  <robot id="37">
    <name>マッドマックス</name>
    <creater>篠　雅行</creater>
    <grade>B4</grade>
    <img>7_篠雅行.jpeg</img>
    <desc>37号だよ</desc>
  </robot>
  <robot id="38">
    <name>ベルクカエサル</name>
    <creater>徳永　大二朗</creater>
    <grade>B3</grade>
    <img>17_徳永.jpg</img>
    <desc>38号だよ</desc>
  </robot>
  <robot id="39">
    <name>322号機</name>
    <creater>満井　秀俊</creater>
    <grade>B3</grade>
    <img>23_満井.JPG</img>
    <desc>39号だよ</desc>
  </robot>
  <robot id="40">
    <name>テッシン</name>
    <creater>山田</creater>
    <grade>B4</grade>
    <img>40_山田.jpg</img>
    <desc>40号だよ</desc>
  </robot>
  <robot id="41">
    <name>国崩し</name>
    <creater>福永</creater>
    <grade>M1</grade>
    <img>M1_福永.jpg</img>
    <desc>41号だよ</desc>
  </robot>
  <robot id="42">
    <name>ARG13（アラグサーティーン）</name>
    <creater>渋川</creater>
    <grade>M1</grade>
    <img>OB-shibukawa.png</img>
    <desc>42号だよ</desc>
  </robot>
  <robot id="43">
    <name>Dummy</name>
    <creater>鈴木</creater>
    <grade>M1</grade>
    <img>Dummy.jpg</img>
    <desc>43号だよ</desc>
  </robot>
  <robot id="44">
    <name>やわらか戦車</name>
    <creater>原田</creater>
    <grade>M2</grade>
    <img>原田.jpg</img>
    <desc>44号だよ</desc>
  </robot>
  <robot id="45">
    <name>駄D夢ドリームV</name>
    <creater>安藤</creater>
    <grade>M2</grade>
    <img>安藤.jpg</img>
    <desc>45号だよ</desc>
  </robot>
  <robot id="99">
    <name>　</name>
    <creater>DummyImg</creater>
    <grade>B0</grade>
    <img>Dummy.jpg</img>
    <desc>Dummy用</desc>
  </robot>
  <robot id="100">
    <name>　</name>
    <creater>DummyImg</creater>
    <grade>B0</grade>
    <img>Dummy.jpg</img>
    <desc>Dummy用</desc>
  </robot>
</roboList>

